school,adj_name_School,reddit_population(Thousands)
Cornell,Cornell,29.9
princeton,Princeton,4.5
Harvard,Harvard,16.1
dartmouth,Dartmouth,3.1
BrownU,Brown,5
yale,Yale,6.4
UPenn,UPenn,9.6
columbia,Columbia,11
stanford,Stanford,19.4
berkeley,UCBerkeley,53.7
cmu,Carnegie_Mellon,7.5
Caltech,Cal_Tech,2.2
mit,MIT,12.7
gatech,Georgia_Tech,31.3
Tufts,Tufts,2.7
nyu,NYU,48.1
notredame,Notre_Dame,9.5
Vanderbilt,Vanderbilt,4.1
USC,USouthern_California,17.1
Swarthmore,Swarthmore,0.5
WilliamsCollege,Williams,0.5
uchicago,UChicago,25.1
Northwestern,Northwestern,7.5
northeastern,Northeastern,0.875
jhu,Johns_Hopkins,5.8
duke,Duke,6.4
riceuniversity,Rice,3.5
washu,WUSTL,4.2
Emory,Emory,3.1
georgetown,Georgetown,4.4
uofm,UMichigan,25.1
VirginiaTech,Virginia_Tech,25.2
UVA,UVirginia,12.9
UNC,Unorth_Carolina,7.8
wfu,Wake_Forest,0.96
UCSantaBarbara,UCSanta_Barbara,20.9
UCSD,UCSan_Diego,47.2
UCI,UCIrvine,25.8
ucr,UCRiverside,10.1
ucmerced,UCMerced,1.4
UCDavis,UCDavis,17.6
UCSC,UCSanta_Cruz,19
URochester,URochester,2.2
rit,Rochester_Institute_Technology,19.6
bostoncollege,Boston_College,3.7
Tulane,Tulane,2.9
williamandmary,William_and_Mary,3
BostonU,BostonU,10.9
brandeis,Brandeis,0.76
cwru,Case_Western,2.9
UTAustin,UTAustin,35.5
UWMadison,UWMadison,17.4
UGA,UGeorgia,17.8
UIUC,UIUC,52.9
Pepperdine,Pepperdine,0.42
Purdue,Purdue,35.4
RPI,Rensselaer_Polytech,12.8
SCU,Santa_Clara,1.3
villanova,Villanova,2.2
fsu,Florida_State,15.6
Syracuse,Syracuse,14.3
Pitt,UPittsburgh,15.2
udub,UWashington,24.8
PennStateUniversity,Penn_State,22.4
UCONN,UConnecticut,13.6
Fordham,Fordham,1.6
gwu,George_Washington,4.4
LMU,Loyola_Marymout,1
SMU,Southern_Methodist,2.4
aggies,Texas_A&M,33.9
amherstcollege,Amherst_College,0.417
umass,UMass_Amherst,9
uofmn,UMinnesota,16.5
Clemson,Clemson,14.7
WVU,West_Virginia,6.7
AmericanU,American,1.5
baylor,Baylor,5.5
IndianaUniversity,Indiana  ,9.8
Gonzaga,Gonzaga,1.4
HowardUniversity,Howard,0.234
msu,Michigan_State,21
NCSU,NC_State,17.3
boulder,UCBoulder,58.5
BinghamtonUniversity,Binghamton,7.6
SBU,Stony_Brook,12.7
UBreddit,Ubuffalo,11.5
iastate,Iowa_State,14.5
auburn,Auburn,13.5
ASU,Arizona_State,27.9
udel,UDelaware,2.5
uofu,UUtah,5.5
UofO,UOregon,3.9
UTK,UTennessee,7.6
NJTech,New_Jersey_Tech,5
Gamecocks,USouth_Carolina,9.3
UniversityofVermont,UVermont,34.3
UniversityofKansas,UKansas,4.3
mizzou,UMissouri,6.8
UniversityofKentucky,UKentucky,2.8
Huskers,UNebraska,19.9
